{
  "accuracy": 0.5365853658536586,
  "classification_report": {
    "dark": {
      "precision": 0.7142857142857143,
      "recall": 0.4166666666666667,
      "f1-score": 0.5263157894736842,
      "support": 12.0
    },
    "hopeful": {
      "precision": 0.5,
      "recall": 0.6923076923076923,
      "f1-score": 0.5806451612903226,
      "support": 13.0
    },
    "cynical": {
      "precision": 0.5,
      "recall": 0.5,
      "f1-score": 0.5,
      "support": 16.0
    },
    "accuracy": 0.5365853658536586,
    "macro avg": {
      "precision": 0.5714285714285715,
      "recall": 0.5363247863247863,
      "f1-score": 0.5356536502546689,
      "support": 41.0
    },
    "weighted avg": {
      "precision": 0.5627177700348431,
      "recall": 0.5365853658536586,
      "f1-score": 0.5332725992794732,
      "support": 41.0
    }
  },
  "classification_report_text": "              precision    recall  f1-score   support\n\n        dark       0.71      0.42      0.53        12\n     hopeful       0.50      0.69      0.58        13\n     cynical       0.50      0.50      0.50        16\n\n    accuracy                           0.54        41\n   macro avg       0.57      0.54      0.54        41\nweighted avg       0.56      0.54      0.53        41\n",
  "confusion_matrix": [
    [
      5,
      2,
      5
    ],
    [
      1,
      9,
      3
    ],
    [
      1,
      7,
      8
    ]
  ],
  "labels": [
    "dark",
    "hopeful",
    "cynical"
  ],
  "test_size": 41
}